opr,110,,111,,114,,115,,116,,119,,121,,122,,128,,165,,174,
OR 04 (200h),8846:30,,8311:10,,9423:30,,8511:20,,8575:45,,8174:55,,8444:23,,9122:10,,9076:55,,5042:40,,5064:20,
OR 05 (500h),9046:30,,8611:10,,9423:30,,8811:20,,8875:45,,8183:30,,8444:23,,9022:10,,9284:55,,5042:40,,5064:20,
OR 08 (500h),9046:30,,8611:10,,9723:30,,8618:10,,8576:20,,8083:30,,8744:35,,9022:10,,9284:55,,5342:40,,5064:20,
OR 10 (500h),,,,,,,,,,,,,,,,,9176:55,,5242:40,,5364:20,
OR 18 (300h),9044:20,,8411:10,,9623:05,,8418:10,,8576:20,,8174:55,,8544:35,,9122:10,,9176:55,,5042:40,,5164:20,
OR 19 (2ans),13/12/26,,13/12/26,,13/12/26,,13/12/26,,13/12/26,,,,13/12/26,,13/12/26,,,,,,13/12/26,
OR 21 (500h),9046:30,,8611:10,,9723:30,,8618:10,,8576:20,,8083:30,,8744:35,,9022:10,,9284:55,,5342:40,,5364:20,
BS 22 (1000h),8990:10,,8606:30,,9585:30,,8780:20,,8585:10,,,,8344:35,,9522:10,,9198:25,,5366:00,,5720:00,
BS 301B (400h),8846:30,,8511:10,,9423:30,,8518:10,,8576:20,,8274:55,,8644:35,,9322:10,,9184:55,,5042:40,,5264:20,
BS 388C (400h),8846:30,,8511:10,,9423:30,,8518:10,,8576:20,,8274:55,,8644:35,,9322:10,,9184:55,,5042:40,,5264:20,
BS 2015 (1an),05/04/24,,25/04/24,,02/04/24,,02/04/24,,03/04/24,,05/04/24,,03/04/24,,03/04/24,,25/04/24,,04/04/24,,05/04/24,
VI 1000H,9048:10,,9111:10,,9713:20,,9118:10,,9100:55,,8974:55,,9244:35,,9522:10,,8584:50,,4942:40,,4964:20,
IP 100H,8844:20,,8211:10,,9423:05,,8411:20,,8475:45,,7974:55,,8344:35,,8922:10,,8976:55,,4942:40,,4964:20,
HDF ACTUEL,8819:20,,8171:55,,9398:25,,8311:20,,8489:00,,7985:40,,8246:10,,8957:10,,8949:15,,4862:55,,4903:20,