,,110,111,114,115,116,119,121,122,128,165,174
MS28741-6-0152,1,5/6/2028,,5/12/2028,,,,,,,,
MS28741-3-0153,1,,,,,,,,,24/02/29,24/02/29,24/02/29
MS28741-4-0197,G,,,,,,,,,11/6/2023,6/12/2028,5/12/2028
,D,,,,,,,,,22/01/24,30/03/25,5/12/2028
MS28741-6-0204,1,3/6/2025,8/6/2025,30/03/25,2/6/2025,26/01/30,30/03/25,16/07/33,26/01/30,65/12/28,26/01/30,26/01/30
MS28741-4-0232,1,,,,,,,,,26/01/30,,
MS28741-4-0233,G,,,,,,,,,22/01/24,18/06/30,18/06/30
,D,,,,,,,,,18/06/30,18/06/30,18/06/30
MS28741-4-0284                                                                                                                                                                                                                                                                                                                                                                                                                                                                                                                                                                         ,1,,,,,,,,,12/8/1930,12/8/1930,12/8/1930
MS28741-6-0284,1,5/12/2028,18/06/30,30/03/25,30/03/25,18/06/30,18/06/30,30/03/25,18/06/30,,30/03/25,18/06/30
MS28741-4-0354      ,G,5/12/2028,2/6/2025,24/02/29,5/12/2028,24/02/29,5/12/2028,5/12/2028,24/02/29,24/02/29,24/02/29,15/02/27
,D,5/12/2028,15/02/27,24/02/29,5/12/2028,24/02/29,15/02/27,5/12/2028,24/02/29,24/02/29,24/02/29,28/12/25
MS28741-8-455,G,11/12/1933,15/02/27,11/12/1933,11/12/1933,2/6/2015,,2/6/2025,15/02/27,5/12/2028,16/07/33,16/07/33
,D,11/12/1933,15/02/27,11/12/1933,5/12/2028,5/12/2018,,2/6/2025,11/12/1933,5/12/2028,16/07/33,11/12/1933
MS28741-6-0464,G,18/06/30,8/12/1931,18/06/30,18/06/30,8/12/1931,18/06/30,18/06/30,18/06/30,,8/12/1931,18/06/30
,D,8/12/1931,8/12/1931,18/06/30,18/06/30,8/12/1931,18/06/30,8/12/1931,18/06/30,,8/12/1931,18/06/30
MS28741-6-0470,1,8/12/1931,8/12/1931,18/06/30,18/06/30,18/06/30,18/06/30,8/12/1931,18/06/30,,8/12/1931,18/06/30
KIT 04-02,1,2T/32,2T/32,2T/32,2T/32,2T/32,2T/31,2T/32,2T/31,,,
KIT 04-03,1,2T/32,2T/32,2T/32,2T/32,2T/32,2T/31,2T/32,2T/31,,,
KIT 06-01,1,2T/32,2T/32,2T/32,2T/32,2T/32,2T/31,2T/32,2T/31,,,
